id,name,team,position
98591907-81bb-498c-9d95-864e225a7893,Shohei Ohtani,LAD,OF
78976290-9f72-4e68-8e30-b4ded1f1ad09,Aaron Judge,NYY,OF
18a6ac8b-b2db-4ef4-a4d2-5daeb3b85ea8,Corbin Carroll,ARI,OF
facdb5e4-a871-4db2-995d-91e8d16f8c64,Bobby Witt Jr.,KCR,IF
5551e268-9433-4ce9-81c9-d2db580a90cd,Bryce Harper,PHI,IF
f8288078-6e90-425d-b5f5-74908ef6e8d1,Julio Rodriguez,SEA,OF
867083f4-f1ad-4ec0-8171-5e02db19d727,Rafael Devers,SFG,OF
23ebc217-4fc1-456a-92b7-67da44d55031,Kyle Schwarber,PHI,OF
5ba2108c-c116-4a48-a152-1f11d801488d,Juan Soto,NYM,OF
18bcf5c8-883c-432e-b13d-5c53c2f1a7a7,Ronald Acuna Jr.,ATL,OF
6fb28574-a933-4bc8-b49b-1c2cef06aabb,Tarik Skubal,DET,P
30ea866c-b3d4-4761-bcc2-1b94399d228f,Vladimir Guerrero Jr.,TOR,IF
ff21ae8d-34f5-4128-86bb-fb231ca973d7,Cal Raleigh,SEA,IF
19741af5-4cfc-4010-b21f-f3c2f5529d9e,Fernando Tatis Jr.,SDP,OF
ba21a3b2-1218-402a-978a-d2439065a7a6,Garrett Crochet,BOS,P
025fd42c-6a5f-4e98-bd82-e7005f5edb01,Jackson Chourio,MIL,OF
ca3935b2-91f7-4376-87cd-02b8f4acdc14,Paul Skenes,PIT,P
74e2b96c-64a9-4713-82e1-3a22594cd09d,Kyle Tucker,FA,OF
472eb30a-ad94-4700-93fe-33a60e34ed2f,Josh Naylor,SEA,IF
50300cbf-1644-4d6b-a927-f7c6b4c9d2a6,Junior Caminero,TBR,IF
c73171a6-f01f-4a20-b88c-b8fad4b2edb0,Wyatt Langford,TEX,OF
8795d965-c08c-4430-b377-d32a975c8bc9,Gunnar Henderson,BAL,IF
3a2fa4c5-a346-4940-a2fb-7a5697aa6ef6,Elly De La Cruz,CIN,IF
a9d9f29f-f6f4-4b25-be2d-b7d6c999824f,Yordan Alvarez,HOU,OF
2c6abf45-3db4-4f6e-bf84-110e1d23cb86,Geraldo Perdomo,ARI,IF
5905a2d0-de82-4394-8284-3d939f17b2f8,George Springer,TOR,OF
238c5b66-7847-41c9-abe3-3dfb95d095e0,Brent Rooker,ATH,OF
558dc802-b75d-4582-9af5-22160e976073,Jose Ramirez,CLE,IF
96ab5cd8-68f0-46da-8ddd-b0b48b58fa1f,Yandy Diaz,TBR,IF
e263662f-43f5-48a9-b96e-f8a41b76e60c,Oneil Cruz,PIT,OF
2b6a37cd-b7ff-448e-b3c6-5fd530042bf5,Matt Olson,ATL,IF
138a26cc-7e43-4b0f-a9f5-fc749aed7f35,Maikel Garcia,KCR,IF
ab476c21-bffe-4093-ad71-d8948a07a45f,Trevor Story,BOS,IF
26122c47-1314-404e-b1fc-38f0c86bf7ba,James Wood,WSN,OF
b3f2d995-9b0c-4d49-a819-133935fcf87b,Zach Neto,LAA,IF
daf93823-6bb8-41e9-b005-d56bebd6fb52,Jo Adell,LAA,OF
9edf20f9-04b0-4987-b663-af59df855eb0,Cristopher Sanchez,PHI,P
6960c48d-6d0d-4c1e-bd1f-b8f8857d6003,Teoscar Hernandez,LAD,OF
0281e426-4e44-40b7-ab96-c2e97c2548ae,Andy Pages,LAD,OF
3d267858-c5ed-4c28-8af7-6a54df8616a4,Randy Arozarena,SEA,OF
c906ffc7-2c0c-4923-a8e4-37721bb1c350,Taylor Ward,BAL,OF
1006f7cc-d17b-40ac-a200-a6258e5d15af,Logan Webb,SFG,P
90a64cc0-09e4-4fe2-a384-dde066f3e79d,Nick Pivetta,SDP,P
55144a9b-50c1-431c-b0d1-281affc31d88,Bryan Woo,SEA,P
eb369efb-c651-4da3-92d2-5724eda23104,Jacob deGrom,TEX,P
f4e2edc7-2709-4104-8b4f-6d426788e53d,Cole Ragans,KCR,P
63a2d4ce-19b7-466e-a84c-3c8b86a56b24,Seiya Suzuki,CHC,OF
dc8ce163-2a8b-42ee-b954-0addc976645b,Dylan Cease,TOR,P
d6bb8042-0d66-4512-a948-f61010559aff,Chris Sale,ATL,P
96261aa0-3929-4c9b-99d4-d593ff140c13,Riley Greene,DET,OF
49c9e98c-2e46-402f-8584-6d3a12c4e8f0,Mike Trout,LAA,OF
60134643-c98e-41d4-b9aa-38722c001456,Hunter Greene,CIN,P
99b8b6a9-bcaf-4ebb-be4b-d2b12a80c260,Nick Kurtz,ATH,IF
b97e8bb3-b927-40a2-b633-ee4974b4b40a,Vinnie Pasquantino,KCR,IF
68606794-1e7d-4e8b-b10b-54223f0f6f92,Christian Yelich,MIL,OF
086592de-e842-4025-8ae0-7b382ad1bda6,Bryan Reynolds,PIT,OF
b6706183-d55d-4785-878f-171bb27c0913,Ceddanne Rafaela,BOS,OF
ca2b765d-44fd-4c38-9479-30392088f56f,Jose Altuve,HOU,OF
65aa07e3-7120-4214-b3a3-c288a623310e,Bo Bichette,FA,IF
6fce027f-1a81-4e01-b692-00929c6d1d87,Michael Busch,CHC,IF
344bdcfd-eaca-4469-afc1-0c2d7be2a50d,Ketel Marte,ARI,IF
d5b5605a-4f4a-4b24-9924-cd01672edae3,Willy Adames,SFG,IF
f5ab808d-fdf7-49a4-90eb-1cd88b8fe0ce,Jesus Luzardo,PHI,P
dbc4f703-47cd-4df8-a6b4-5c386e68c5a4,Max Fried,NYY,P
f53dbeeb-1a27-4530-93aa-becb1be0028f,Blake Snell,LAD,P
602c55dd-9639-4622-8d01-f132b2fbae61,Pete Alonso,BAL,IF
96a083f6-c5ca-407a-b432-452290cfefb1,Framber Valdez,FA,P
e5f0a3de-2ee7-40f8-aaab-d85eddc8695b,CJ Abrams,WSN,IF
cfe1a00c-2fcf-4d27-838f-10e60773fe47,Joe Ryan,MIN,P
34b7bc5c-1b58-4875-8c3a-6956a5dc6e2f,Hunter Brown,HOU,P
b1b2ea97-51fa-42f3-8d01-d2dd927b4aa0,Jakob Marsee,MIA,OF
1b3d89bf-ae70-4d11-968c-126163b53ea8,Pete Crow-Armstrong,CHC,OF
baa6195d-a423-4d99-947e-89036e011f66,Freddy Peralta,MIL,P
79145823-a92f-47e9-b35b-dde96a75b8b2,MacKenzie Gore,WSN,P
c987b2f8-5fe6-4e20-8403-72b95ae1b753,Matt Chapman,SFG,IF
89d94d75-3294-4b26-90d1-94a38b41fdba,Roman Anthony,BOS,OF
c56d727d-da56-42ef-aea3-dd054e798129,Sonny Gray,BOS,P
7b3319e7-33ae-4deb-bf87-faff90efe940,Francisco Lindor,NYM,IF
8a917b6e-7713-4c3a-87e3-7a277a7e6014,Jazz Chisholm Jr.,NYY,IF
8e86b05e-ab2a-4da7-ba32-f09def9aab4f,Cody Bellinger,FA,OF
d9a5c8bf-e9f3-45e0-bfc5-8ebe8e095ef9,Pablo Lopez,MIN,P
3faf5e8c-ee85-402a-a0a6-e0d5ae8f852c,William Contreras,MIL,IF
b7146f35-48b2-4b7a-ada3-54d6f60f934c,Alex Bregman,FA,IF
b8b42182-f02a-4df1-9a2c-e474e2e5d75c,Bryson Stott,PHI,IF
218615fa-6807-4791-910c-041bb88fe6f4,Matt McLain,CIN,IF
a66902e7-3a4e-4aa3-8b3b-a442317a2640,George Kirby,SEA,P
bf5ff706-3a34-4eac-b8d5-0e77cc7eb374,Robbie Ray,SFG,P
77c0700a-331d-420c-ab29-61ee908c387c,Logan Gilbert,SEA,P
ee465311-4fe0-46ad-ba98-93e444b3e369,Spencer Torkelson,DET,IF
e89bfab9-b928-4758-b01a-fcdacc630caf,Freddie Freeman,LAD,IF
a0f63107-c610-446f-a7ef-4208247e3733,Spencer Strider,ATL,P
3607fe6c-9469-4ba7-954f-a3a4664af897,Corey Seager,TEX,IF
ae60de10-2a7d-40ec-acf2-ee5d7ddd2959,Michael King,SDP,P
586f41e4-ece3-4281-9ab6-cdb5be4fa0ad,Kevin Gausman,TOR,P
7bf63e01-543a-4682-8673-d7411cbf585a,Aaron Nola,PHI,P
5fe24f51-1811-49ff-b797-a927f5edb235,Gavin Williams,CLE,P
62b426da-2433-4992-a2c5-e488b6d35825,Jordan Beck,COL,OF
66a9cbf5-de59-4146-bccb-511b63578617,Yusei Kikuchi,LAA,P
aeb49a48-3dd2-46b0-afda-68c60d8c9b23,Luis Castillo,SEA,P
ee103bea-49c8-498a-867e-9f095f57f74e,Zac Gallen,FA,P
753d248b-71b8-445a-a069-65735840b961,David Peterson,NYM,P
1c3a6552-1442-4769-86c8-0f95cedf6b12,Mookie Betts,LAD,IF
0b71f928-c505-4b02-bd8b-606d0c61984c,Jung Hoo Lee,SFG,OF
67072e0d-adb6-4df1-9823-325e595f75bf,Jack Flaherty,DET,P
96c97d3e-c78a-4401-aa37-d6aa84c749e2,Nico Hoerner,CHC,IF
3a54b8ed-7224-4714-a7de-977387a139a9,Jurickson Profar,ATL,OF
c1a528e1-dcb1-4d58-9077-8ad5b9486a82,Christian Walker,HOU,IF
388a7169-fb73-4b2b-afdd-adb4f15017e4,Adolis Garcia,PHI,OF
5e104175-8533-4c2a-906e-192c63b4b21a,Nathan Eovaldi,TEX,P
d1f42893-e537-483c-acd4-5e67e479f994,Jose Soriano,LAA,P
9973d0a2-f544-4482-adbd-56ba661d6475,Daulton Varsho,TOR,OF
cf84dd71-1617-4cbd-98e6-706bcdca4e7f,Heliot Ramos,SFG,OF
0d4d34b5-2c28-461a-a9ab-7c8c8ce61db9,Michael Harris II,ATL,OF
afc5d688-d8a9-4371-bfb6-899594cae842,Matthew Boyd,CHC,P
b5da59ef-16a5-458a-95b2-841011fe0230,Ryan Pepiot,TBR,P
c0facd2f-dafe-482e-b8b5-9024db8bdc94,Merrill Kelly,ARI,P
d0d8dfde-9491-4906-a760-bd8618ba397f,Spencer Steer,CIN,IF
fe120b00-95a9-4e66-8f99-5b40747e0ff2,Yoshinobu Yamamoto,LAD,P
d8cbaa9b-847f-4d07-b7e8-618fbf6c4226,Ke'Bryan Hayes,CIN,IF
68b5b524-0add-48a0-b9df-3b18fc8012d5,Dansby Swanson,CHC,IF
9ddbab51-ee92-442f-a8ec-357d8ba7b9eb,Carlos Rodon,NYY,P
c27f42f1-f4fc-4620-86de-efb738a4d772,Tanner Bibee,CLE,P
2fbb9b4d-70ad-4a26-9597-1fd3217aee41,Jacob Wilson,ATH,IF
b22325cf-c07e-471d-8488-aa7fd61046cc,Jacob Wilson,ATH,IF
79661f41-5ca3-44d5-8771-2333c9d0573a,Ranger Suarez,FA,P
ee88eb85-bcc6-46d3-9dc9-31d3fb6968dc,Kyle Bradish,BAL,P
f24553a8-8964-4a42-b2a7-db12acc00c82,Sandy Alcantara,MIA,P
485b54f4-4a12-4893-b8c1-5146ae7425ed,Trevor Rogers,BAL,P
22272f41-ae62-4694-baaa-ed4ee845b30a,Trea Turner,PHI,IF
c7465f7d-4c2c-4a25-b084-907c577e81c9,Colson Montgomery,CHW,IF
0de811ed-68ad-4446-bb47-3455e98cec38,Spencer Schwellenbach,ATL,P
aabd9712-3256-423a-a949-2f32756b4bde,Chase Meidroth,CHW,IF
ca4a07fe-e60e-4ae5-9696-ff78bd0ed85c,Luis Robert Jr.,CHW,OF
fd19099f-f339-43e8-be24-5994d6b2bdcd,Tyler Glasnow,LAD,P
cd48401d-02b7-434a-8d79-9c83bb971971,Colton Cowser,BAL,OF
9f385f1b-fd94-4d97-9d07-93e473a5ce4b,Byron Buxton,MIN,OF
30e52ec8-f6a8-44ba-90ff-aed57783879a,Eury Perez,MIA,P
743ce580-61a3-4b27-81e9-07019be79189,Steven Kwan,CLE,OF
4257a945-174b-4181-bbcb-37c16c54d10b,Brady Singer,CIN,P
44bf255c-d459-41e0-9724-9d134a160bdd,Manny Machado,SDP,IF
89cf5a50-0adc-4cf0-849f-2065b69d9663,Mark Vientos,NYM,IF
e23270d9-4537-4a14-b0af-2e07e30b58b6,Ivan Herrera,STL,IF
6ac26be7-0b93-420f-944a-1f34ab3d36a7,Kyle Stowers,MIA,OF
55db2c6a-99ca-4c15-be7a-bc2f5bfd3155,Dylan Crews,WSN,OF
d9777f4f-6959-46c1-932c-a37500ac7e37,Nolan McLean,NYM,P
150f9eb1-0d1d-4eaf-b326-99b0d96437d0,Tyler Soderstrom,ATH,OF
10132218-2568-40b9-a8ff-5ffc2db4f007,Brandon Woodruff,MIL,P
83904b9e-35f9-443e-b9d3-06138dd04fa0,Mitch Keller,PIT,P
ed5d3dae-cd83-4f93-abd0-5cacc74715f8,Shota Imanaga,CHC,P
12c1e5fd-8749-4c77-9268-561cb34d37a7,Drew Rasmussen,TBR,P
d9bd7a65-e439-4954-bdd0-7737e4338390,Nolan Schanuel,LAA,IF
a56697ad-e6c0-4ac5-b9ee-12190b97a196,Shane Baz,BAL,P
f90f1615-aac3-4a50-baa0-502fde9a1350,Clay Holmes,NYM,P
13fa39ad-bd8a-4c44-9ef3-6a2c7f5c8dbb,Jonathan Aranda,TBR,IF
536dafed-ea66-4f97-a6de-4fa5adf678d2,Brenton Doyle,COL,OF
6ad6df32-b1d8-4dae-aab5-36af0bc350f8,Brandon Nimmo,TEX,OF
6857e350-e501-4284-bee8-ada219e60f5c,Wenceel Perez,DET,OF
feb9f1b3-b4c1-426a-bc1b-185ce9617d85,Trey Yesavage,TOR,P
c9aae1d1-fbfa-457e-8b7a-820b22ed4e87,Agustin Ramirez,MIA,IF
b5c3ff5f-b36c-48c5-923f-ca1ddf21f1b1,Luis Arraez,FA,IF
6e9cade4-0c9a-4bc8-8bf2-e9f35abb5324,Joe Musgrove,SDP,P
57cc8204-01a9-45bd-b927-eadaed73f4ac,Jake Cronenworth,SDP,IF
2655dc9a-c89c-4d7a-bc6b-9fcf8df22bd4,Chris Bassitt,FA,P
c295063b-2b09-408c-b508-19c620ba8aaf,Ramon Laureano,SDP,OF
ee84213b-e6c4-4855-a947-8bf7624c3b57,Shane McClanahan,TBR,P
ea5cd60d-a47e-4fbc-8bd7-283428ad0cf0,Daylen Lile,WSN,OF
7ce4b530-4553-4d7a-9962-3ed3ad87e4fb,Brandon Pfaadt,ARI,P
4c6def9f-fbff-4aa9-b617-ea9cafe851bc,Jacob Misiorowski,MIL,P
8a37a4cc-5a8e-47ff-b980-6f5c07fb3a21,Gleyber Torres,DET,IF
29c770a1-e633-4d3a-bb7e-c762c09c1eb4,Ezequiel Tovar,COL,IF
96287d5c-420b-4bed-813c-3d0fc47ab586,Brendan Donovan,STL,IF
93c8fc0f-b631-4308-b200-5a71ab057f3e,Jeffrey Springs,ATH,P
c9b1a319-45fd-4198-aa8d-def52bb5137c,Luis Severino,ATH,P
81f9e61b-6332-40c0-967e-b0aac487ca93,Jack Leiter,TEX,P
f3f6fed1-b76c-48ff-b2a4-a791c5cfc76c,Nick Lodolo,CIN,P
018562d4-3b86-49fa-ba9b-781a1bc3c31f,Andrew Abbott,CIN,P
b38535d0-9b78-47e3-9087-bb650764f50c,Shane Smith,CHW,P
1a65c691-6184-4e5e-9a25-fd206187ef10,Reid Detmers,LAA,P
985c36e5-ce17-473d-9a14-944b37b9af53,Harrison Bader,FA,OF
83a54efc-7f49-453d-b054-81cee3674dfc,Eugenio Suarez,FA,IF
2aa18cd3-176a-47bd-9bd5-6c88f27d8c5c,Noelvi Marte,CIN,IF
5b3248f8-48a3-480a-b5fd-cbd4d02fff03,Ernie Clement,TOR,IF
5faee9fc-128f-43fc-a3a4-4c555ef17b32,Ozzie Albies,ATL,IF
44ca493b-0cdd-4235-a504-28a2bb2bbfc0,Jackson Holliday,BAL,IF
4237320b-1b16-417d-a643-01910fd9f5e4,Quinn Priester,MIL,P
d53e0c47-5ebf-4971-8350-d7c4edac85e5,Marcell Ozuna,FA,OF
93ace2d6-a0fd-4efe-ace0-8f8e6df888bf,Sean Manaea,NYM,P
ee7ce8a8-f642-4175-9094-f18ca0495101,Willson Contreras,BOS,IF
a81c5e91-dc81-45a5-985c-03fc9ae435a2,Kris Bubic,KCR,P
e5656553-246a-4769-a33e-311031b9f492,Jarren Duran,BOS,OF
7693df03-b870-43b8-87d6-57487a6a686c,Joey Ortiz,MIL,IF
c55a37dc-792e-4dc8-9395-a3a5b00682c1,Lawrence Butler,ATH,OF
19fd2ae7-3b97-4c50-9661-c15e7479470f,Jasson Dominguez,NYY,OF
29f17c26-5f02-4fa0-a067-d6dc8e225704,Munetaka Murakami,CHW,IF
2d3d4b5a-909f-4162-92c7-7339aee195ec,Xavier Edwards,MIA,IF
0e7cc4b4-2136-44cb-b29e-393608b480e6,Chase Burns,CIN,P
0c5dfb86-38bc-4dfd-a6b1-cde040424ec7,Casey Mize,DET,P
86fd67f0-a524-4edd-a313-c3ddd2f80cee,Austin Riley,ATL,IF
0b596274-b666-443e-bb55-9d73bae2e247,Shea Langeliers,ATH,IF
312217c4-3d64-4b16-bf39-ad922d865afa,Jordan Westburg,BAL,IF
4cc3c843-3145-4df5-9b88-a452877aba7c,Adley Rutschman,BAL,IF
72d018b2-14ce-4b21-88f4-cad288560280,Royce Lewis,MIN,IF
90da7a44-65b1-40ed-8b56-0505abbac533,Brayan Bello,BOS,P
c69d56a9-6760-4077-8ee3-c019109ff491,Mickey Moniak,COL,OF
2cafca25-6760-4723-be1a-43d5295abf0f,Joey Cantillo,CLE,P
210d231d-af21-401b-87b6-5289946c4dea,Willi Castro,FA,OF
f55e1c9b-435d-4186-beae-4b097717d971,Marcus Semien,NYM,IF
86500f2b-c9d9-44c2-a9e6-07a58d76c600,Bubba Chandler,PIT,P
263da62b-eaea-4a70-8304-a952860fd381,Jackson Merrill,SDP,OF
f1cdd7b9-1502-488e-a40d-37416ba8627b,Zack Littell,FA,P
87ac5753-c929-4067-a992-b5ac9e726d53,Zack Wheeler,PHI,P
6d683adf-b852-47fd-a820-89badf9d90f2,Shane Bieber,TOR,P
489bc136-cf67-46cb-bb96-a385a0c89c4a,Miguel Vargas,CHW,IF
acfcda48-2865-4e5c-847b-cdb4b828d1d0,Jorge Soler,LAA,OF
0c4e8373-e5e4-49c6-871a-721e07ba4a4f,Jeremy Pena,HOU,IF
c72222e9-9449-49c1-8d39-59b0e77be061,Otto Lopez,MIA,IF
e0cc28fd-fcce-4d35-ad59-74ccf51961d1,Zach Eflin,FA,P
bb6c086f-c1c5-4284-814c-97e7c192a80d,Lucas Giolito,FA,P
0462e5d6-4361-4967-bc33-a07c125a28db,Ryan O'Hearn,PIT,IF
e1ebcb83-0cdf-4c04-bfef-e4d32095b86c,Edward Cabrera,MIA,P
faa7f4ea-a813-420b-b0a5-e176071b2643,Andrew Benintendi,CHW,OF
02decd7e-049e-4792-b450-f524aa34fbbc,Michael Wacha,KCR,P
dbb5fc99-24d2-400f-af16-5f679c524cf7,Ryne Nelson,ARI,P
2f9fcc7c-dd9f-49bf-84ad-4a16a5beaf87,Gavin Lux,CIN,OF
b401f7ad-0b6f-4023-9e61-edcb62f52032,Cade Cavalli,WSN,P
71eb3d20-4d50-4661-8b72-6335158470e0,Kyle Freeland,COL,P
88fade9e-fb06-4d10-b8e8-b945e75efefa,Seth Lugo,KCR,P
e3c4f4c4-d38c-4267-8f62-3724db689fb1,TJ Friedl,CIN,OF
f39438e6-f7c2-466c-90a6-20710f57029f,Kerry Carpenter,DET,OF
046fec1f-522f-477a-b351-25acf0a7b2c8,Jake Burger,TEX,IF
7bb439dc-d99a-4ece-8a96-d8e8a9eb958f,Cam Schlittler,NYY,P
a76da548-4c2a-4e54-ae4f-2b6ac6901af7,Hunter Goodman,COL,IF
8e08cdc2-58c9-455e-b524-6f19b96ab2fe,Victor Scott II,STL,OF
e4da8389-45bb-4f81-bd86-2155e91ffbb2,Matthew Liberatore,STL,P
acef97a8-dcd2-48cf-89e8-2a8862dd4597,Dustin May,STL,P
b0b57706-2a2b-4c34-8200-e16b5bb08059,Grayson Rodriguez,LAA,P
7ecddf2b-a50b-476f-aee4-ea7667213895,Jameson Taillon,CHC,P
8649d6b4-3e65-4d06-8b4c-107b3db671a4,Slade Cecconi,CLE,P
37f24025-8ea9-48be-a58e-ae8a8388ffbb,Alec Bohm,PHI,IF
34aae2ce-56c6-4ff3-8cca-27bcbdce8538,Brandon Lowe,PIT,IF
b8659205-1ecb-4e78-b7fb-87de5efe51f0,Kyle Manzardo,CLE,IF
ec2af755-b3bc-490c-b50c-eb9ca59eadc1,Dean Kremer,BAL,P
696e6760-cf02-449c-90fc-b7bfec1cc5f5,Tatsuya Imai,FA,P
0a8ab1c7-9430-41d5-823a-8d8ba4a0c33a,Reynaldo Lopez,ATL,P
33ba76be-0964-49ac-b39c-80121798aec7,Will Warren,NYY,P
0be93942-3b0c-45d8-9ec8-68c1e08cfdc8,Isaac Paredes,HOU,IF
7f8abdcc-37e1-4fb7-aa1d-1f5be44d03ba,Giancarlo Stanton,NYY,OF
6e577e3c-2b13-4c4a-95e7-1a314f34425d,Hurston Waldrep,ATL,P
4a529af2-c034-411e-a41e-b093145af7f1,Jacob Lopez,ATH,P
b432da60-62ec-4167-82a5-7879a0e5c718,Gavin Sheets,SDP,OF
afc2a4af-9818-4d79-af31-d708ed6cb049,Cristian Javier,HOU,P
38a625da-9ce4-4346-a665-c673dfc72f13,Masyn Winn,STL,IF
a489b668-d029-4a06-86a7-91f437325e11,Austin Wells,NYY,IF
16a7c9eb-6619-4f84-b45e-cba1b14fc8aa,Sal Frelick,MIL,OF
19ab8482-d2f9-4cf1-9e81-414a4e9556dc,Reese Olson,DET,P
d85747ef-b8c8-4c7a-b3d4-11517d162227,Chase DeLauter,CLE,OF
991f1b94-cfd8-4775-967e-84c9cc0d7543,Trent Grisham,NYY,OF
66bf82cb-35bc-4ad5-aaf0-7b645f38544a,Ben Rice,NYY,IF
10e6b0a1-93b5-489d-88b0-d85051d62aaf,Ryan Jeffers,MIN,IF
68483f2e-bf78-4d02-a43c-54ab7ce874cf,Eduardo Rodriguez,ARI,P
e71f0cd5-f9af-493a-8db6-e7e7bb367961,Josh Lowe,TBR,OF
f4844825-b855-4ceb-bacf-48c312e47b0b,Gerrit Cole,NYY,P
2ceeff03-317b-4599-a11f-b8a6088cb07b,Mike Burrows,HOU,P
b6be952f-6b54-4586-afbe-7ae37683ff0a,Noah Cameron,KCR,P
6f628b01-dabc-4932-8d5a-f28579b9b4fb,Andrew Vaughn,MIL,IF
a9ea08d4-c01f-4fd9-8c8e-5b06210deb3d,Tommy Edman,LAD,IF
b07f6490-e5e5-47a1-a413-5cb8a77baa1e,Sean Burke,CHW,P
52058808-13d4-4364-9233-a2453c27d6fa,Brandon Marsh,PHI,OF
942238f0-e423-490a-94ba-cede45252e0a,Alejandro Kirk,TOR,IF
7707cf8a-23bb-4a33-b456-445ff7bb2c7c,Parker Meadows,DET,OF
1a93e1f9-8bce-4a7f-ad37-0394c6cdc18e,Cade Horton,CHC,P
9e8f273c-61ef-4043-b119-d12055538209,Josh Smith,TEX,IF
01c9ed00-f58a-4968-808f-4a2826711aee,Matt Shaw,CHC,IF
cd02a535-afaa-42c9-8f96-ed5947462c93,Davis Martin,CHW,P
ad2f9d14-bba9-4ced-b9d7-4d95dab5d75d,Ian Happ,CHC,OF
ad2eda8c-ca35-4727-ae06-98326f8c8646,Tyler Mahle,FA,P
6c09dfed-ec71-4824-9394-b11f478a0b15,Bryce Miller,SEA,P
ad917f6a-df57-486f-8213-82f6d5985610,Lance McCullers Jr.,HOU,P
254c5ff6-f98d-4137-9e1e-62aa5f49d32e,Cedric Mullins,TBR,OF
30df2509-9cfb-415a-93e6-a2929cca3ed9,Chad Patrick,MIL,P
9a2c6f7f-c3f0-4d70-ab19-69d6591d7e0c,Matt Wallner,MIN,OF
169d46a6-39af-4264-b429-46a2a8eeef8f,Jeff McNeil,ATH,IF
3ff6cb6b-129d-4234-bafd-2eaa13897e26,Spencer Horwitz,PIT,IF
dc1156f1-7165-4214-b5fc-1a3d260ba60a,Brad Lord,WSN,P
7e979541-b907-4afb-b7be-92f401a9b02d,Justin Verlander,FA,P
c6a09132-368e-4879-91a7-65420e10bf01,Landen Roupp,SFG,P
3cc9bcda-50e3-46a2-bd3d-3760a76c73a4,Roki Sasaki,LAD,P
ff8d0054-4b5e-4773-9451-c5cb4365cd25,Max Scherzer,FA,P
490e5f3d-e6eb-4ad4-afdf-cf5f8140232c,Tyler O'Neill,BAL,OF
93d70e1d-df8c-4c78-996c-bd001dee0c93,Nick Martinez,FA,P
7ff62ded-0696-4c0f-819b-55d93587a0fd,Brayan Rocchio,CLE,IF
67e4e6b3-f0b7-4d59-b3a7-55c529f48375,Jorge Polanco,NYM,IF
d137a368-c987-41df-8035-a223367c3add,Austin Hays,FA,OF
7bd03f9d-5d31-4142-b2e9-f818188c2a21,Zebby Matthews,MIN,P
c0780d69-ff05-4ce0-ae1e-7c1f5943ef14,Aaron Civale,FA,P
bb1609f8-e17d-4a0e-a6ec-dedb71a97947,Ryan Weathers,MIA,P
355dc094-8209-4956-b652-e22538c21c54,Salvador Perez,KCR,IF
3c4c1215-3855-4b87-b1ea-be49238d113b,J.P. Crawford,SEA,IF
f17feba7-9e14-40f1-bf2e-08f8802a1ad2,Nathan Lukes,TOR,OF
dd0e83ef-33c7-463b-9e48-48b6af91e202,Bailey Ober,MIN,P
81ee4b1d-d3b6-45dd-b549-7cf37fda2dad,Addison Barger,TOR,IF
820fb798-2de8-41cf-9c55-2bd21954f054,Emmet Sheehan,LAD,P
f3e96c2d-5f6e-46d0-b74a-1652c6747aea,Max Kepler,FA,OF
6feb3548-3f99-4744-af96-0db26aeb55c1,Lars Nootbaar,STL,OF
06a523d5-4b8d-43ce-9498-640502182963,Luis Gil,NYY,P
05ab21ad-7e5a-43ac-9941-30f76d683e07,Braxton Ashcraft,PIT,P
78758700-41eb-4dff-957d-3f48a7ce6b45,Kodai Senga,NYM,P
6a5ed8b1-41fb-441f-b5cb-eb7355e10ca4,Anthony Santander,TOR,OF
f8e5a635-dd72-47c8-bc43-6399ba5a942f,Patrick Corbin,FA,P
74263063-f58e-4366-a707-d5cea434a25e,Jose Quintana,FA,P
7b585869-7244-4188-b889-83f1e2bedcfc,Parker Messick,CLE,P
95639723-c064-4d58-8bc4-ff9f3f1729f4,Dominic Canzone,SEA,OF
36a6db82-512e-4a9d-912b-69377f4cfa5c,Jac Caglianone,KCR,OF
3ef60959-72b7-49e6-92b6-293dca69ee64,Jonathan India,KCR,IF
d7c2cae9-3f46-4705-9397-98915fd50d6e,Anthony Kay,CHW,P
7677edd5-a968-4faf-93ab-340a98d62753,Andre Pallante,STL,P
cdb5a1c5-f6e6-4075-b610-512b35f51074,Steven Matz,TBR,P
7919a2c7-c16d-4fff-aa02-7b3b73364c98,Jordan Lawlar,ARI,IF
be4648fe-7bc0-4ae5-ad1c-98a2264b66f5,Adrian Houser,SFG,P
25f9b961-7e5d-421c-a5de-a9e7c1932938,Carson Williams,TBR,IF
0b413d1b-b9d9-42b4-b177-b60a77bb09e6,Justin Crawford,PHI,OF
d71185ec-1af6-4ffb-8e4f-0ce3f00ae55c,Michael McGreevy,STL,P
b1537b9d-4cc5-4848-bc36-762d047e7d29,Tyler Anderson,FA,P
d712281c-32a7-43e2-bcbc-6edcfdc8c140,Kumar Rocker,TEX,P
eb4a56f6-d1a3-4b66-b426-1583c4e4a606,Luke Keaschall,MIN,IF
9245f4cb-9144-4041-a695-b13b96f22e90,Josh Bell,MIN,IF
a9a2470c-47c0-45ef-b22f-9e80bbafa546,Lourdes Gurriel Jr.,ARI,OF
4042089d-6f80-4dd3-b7e0-4bb79f8ca97b,Griffin Canning,FA,P
bda560ab-7b77-4ce3-aaf6-e44d05bb53bb,Jacob Latz,TEX,P
59247fd4-aa40-49a8-8c32-aa87062bd141,Luis Garcia Jr.,WSN,IF
cdfeeb74-ecaa-4c57-88b1-941302734293,Luis Garcia Jr.,WSN,IF
41c727bf-a6e9-4f8c-b775-8ea9eb1fda51,Ha-Seong Kim,ATL,IF
9e9ce40b-460f-49a9-8ff7-946caa9d7dd7,Yainer Diaz,HOU,IF
3b4dde20-8df5-4aef-8c1e-f3b5aeb108cd,Taj Bradley,MIN,P
bb96a689-4721-4b28-bfd3-8fee8d08ce79,Miles Mikolas,FA,P
87cccae6-79c4-4e95-8768-0dc57e1be861,Ryan Weiss,HOU,P
12be0287-78f1-4ccd-ba96-356591e11958,Caleb Durbin,MIL,IF
20eeff29-7347-49f6-aaa4-225360ea5712,Patrick Sandoval,BOS,P
252c756e-eccf-488a-8b94-9f901a693576,JP Sears,SDP,P
3b513983-a529-4446-9149-2e361b57fb4d,Isaac Collins,KCR,OF
f9cd5f87-92c0-46c2-8d12-dbe47baf608d,Cam Smith,HOU,OF
2ba976ef-1d5f-4a9b-bab9-bccd362adda3,Troy Melton,DET,P
eaca06b6-1b53-4f40-9577-14ab570d41a8,Jesus Sanchez,HOU,OF
3568aee7-141a-4960-b3bf-05e04976608c,Tyler Wells,BAL,P
cd9ff568-e731-4a51-8dcc-5ad368e92218,Carlos Correa,HOU,IF
9f79f331-d0a3-403e-be89-c79c30c1c74f,Rhys Hoskins,FA,IF
14fe03f1-44ca-4702-83f4-097cf54e2f32,Tomoyuki Sugano,FA,P
cc0507fa-21f8-4113-b689-079471117bb5,Jon Gray,FA,P
2793afb2-40a3-4a93-95c6-2dd585caa5e6,Brett Baty,NYM,IF
0eac3c15-4475-4093-a5a2-edbcf28df496,Tyler Freeman,COL,OF
4aa240a4-50e3-41d3-9f17-3b428c520219,Colin Rea,CHC,P
47bfbf58-4b89-4ef4-8dc0-6d65e826a0d0,Josh Jung,TEX,IF
16f2d575-436a-4b1a-8fb9-a59bfe43b4f0,Brady House,WSN,IF
9fdc7896-199c-42eb-a142-5ff24611d1b0,Braxton Garrett,MIA,P
c18cc044-4cd8-4f00-aa66-42a25785a25f,Dylan Beavers,BAL,OF
2d8c4dff-cfbf-4631-8b7a-094bb70b87e7,Colt Keith,DET,IF
6fb4ad7e-3420-45a9-bd59-d148ff66b640,Marcus Stroman,FA,P
91254cc7-45fc-4776-952a-21e14702de31,Connor Norby,MIA,IF
1df2c0fa-0881-4587-8be5-6c58b897479d,Kyle Leahy,STL,P
5faad0db-a621-4b6a-83b8-861a64f1aaee,Kutter Crawford,BOS,P
38ff76e2-9659-454e-9d8e-fe35f540d195,German Marquez,FA,P
df1dec30-9052-4f0e-833b-db5665466760,Nolan Gorman,STL,IF
441a598a-6532-4d97-8dea-b5c6e54af128,Jake Meyers,HOU,OF
1dd6665b-8435-42cc-a6d2-b26d24a6fc4b,Mike Yastrzemski,ATL,OF
88465e02-777b-4d66-958d-cd46ce8de36f,Andrew Painter,PHI,P
16f349da-2bbc-4f09-84d0-121d43ea8d25,Randy Vasquez,SDP,P
81c335ba-4bd3-435b-ba6e-b27ec04e4c25,Brooks Lee,MIN,IF
f64c0153-034a-4364-b908-cf2f08a477d9,Will Smith,LAD,IF
cd23ee13-ad71-4485-ac8c-99c23234a96e,Evan Carter,TEX,OF
f1bd6cda-daa4-4e18-9505-05824ac8be27,J.T. Realmuto,FA,IF
d3c2bf65-e635-4429-98dc-9ec04b59e571,Mick Abel,MIN,P
ab00a672-2f68-4d40-909f-4620ff27e490,Chase Dollander,COL,P
8cea7395-abaa-4bea-b761-9d407a9ba671,Gabriel Moreno,ARI,IF
22ee6a97-958f-4eab-8051-1415e478c039,Kazuma Okamoto,FA,IF
d6aa0bb5-13cc-4d66-8379-3d79df458e0d,Austin Gomber,FA,P
0b1e2c86-e309-497c-8c03-cbee66947148,Hunter Barco,PIT,P
4066db85-d3c3-4bf0-bec1-476bfc6e375b,Tanner Gordon,COL,P
c6731a73-9e45-4c73-937e-976deaaa82b7,Martin Perez,FA,P
a9129df8-9249-4e8b-b502-916cf4311578,Jose Berrios,TOR,P
b6704562-1890-496c-a593-7a39c0cb423c,Logan Allen,CLE,P
f3566941-0ce9-4e6e-be87-7a9ca8a0bb64,Logan Allen,CLE,P
5ac16359-3c46-40fe-9b76-c5f9c188be8c,Andres Gimenez,TOR,IF
2e6ce7d4-977f-43a6-8764-45be61679374,Miguel Andujar,FA,OF
75b1d201-f249-4626-a6eb-4b111558d1ec,Wilyer Abreu,BOS,OF
73852957-1df8-436e-aad2-2db25570ad7e,Andrew Heaney,FA,P
ee4fd52b-d855-4200-bd06-4637443793d0,Kyle Teel,CHW,IF
1ed28261-2698-4cf5-9598-6da6b0e40195,Max Muncy,LAD,IF
42468fcc-5df6-42c8-a816-8d5eef1fb010,Max Muncy,LAD,IF
a80d10fc-c740-4062-aa37-2b572bcc5d50,Xander Bogaerts,SDP,IF
579f26de-de0c-40db-8cc7-4672d654ae25,Joe Boyle,TBR,P
718806bc-e2be-4f1f-8c51-8422e5d6ac46,Luis Morales,ATH,P
e5e82470-bd99-40ca-a381-d9e9a77f2c2e,Heriberto Hernandez,MIA,OF
e90b3720-0af4-40d9-926d-f0c08b09f478,Brice Turang,MIL,IF
1fea9c18-3e32-4b1b-843a-37cc1e5f30aa,Walker Buehler,FA,P
6d2ede1c-9211-4d68-b973-4493a2fe28d9,Logan O'Hoppe,LAA,IF
f79207ff-96f4-405e-ae9c-4ca17dcf7285,Tommy Pham,FA,OF
2b46c2dc-7a33-4c0b-9230-aa0d62bd9a35,Anthony Volpe,NYY,IF
9f3e322a-eb63-4f5f-a129-49db7dc44bda,Nick Gonzales,PIT,IF
4f7d5128-d1ce-4b73-81a9-eeaf03560dce,Josiah Gray,WSN,P
fd071720-ffb6-4990-930a-38204d188d95,Taylor Walls,TBR,IF
17b07ad7-ff0e-40c6-bdcc-35d61fe8b433,Cody Bradford,TEX,P
ee66539c-66aa-47a0-bfd1-ad5cea7675b8,Drew Anderson,DET,P
4474171f-f0b4-4653-9042-6f1c0279c9b7,Chris Paddack,FA,P
6a4e05cc-c952-4bc8-b402-86202f87acfe,Blaze Alexander,ARI,IF
98e869d0-31ec-45f1-b37a-af654f4f9703,Davis Schneider,TOR,OF
dd2ff12b-31df-425c-8696-58d4809fe8ff,Luis Medina,ATH,P
5b509efa-43d1-4bb3-8229-1679fee69a97,Jesse Winker,FA,OF
ce239061-914e-487a-b14b-75fdfd558152,Jared Jones,PIT,P
4e7b216b-1595-42fa-add3-2300d62b738e,Samuel Basallo,BAL,IF
87d55547-a0a4-41fd-9041-8dec94521384,Carson Benge,NYM,OF
41c9ca97-409a-4b22-8005-1e1af1da9417,Nolan Arenado,STL,IF
7c5e7723-e81a-4b05-9802-2609c7cfec13,Francisco Alvarez,NYM,IF
efb9397b-6806-4453-9eae-51477cf07bd7,Ian Seymour,TBR,P
9d11b3e1-ac66-4634-95e4-2ad887016677,Spencer Arrighetti,HOU,P
770bfb8a-5c01-48de-99e0-efe72c7c988b,Alec Burleson,STL,IF
8b9ee99a-a9b7-4435-b04e-a56908a05b31,Chandler Simpson,TBR,OF
90d929ae-0d67-4f28-833b-fcb114b174e1,Lane Thomas,KCR,OF
30f9f189-80ef-43aa-aef7-7a4003684ba4,Paul Goldschmidt,FA,IF
b79234b6-5c3b-4a22-be31-cdb5dd30be08,Christian Moore,LAA,IF
de6bcce8-dfe6-4160-bcfd-3238f3beeca2,Jose Urquidy,FA,P
33071c25-8788-440f-ac2c-3dba81e3e668,Kyle Karros,COL,IF
44ba2f79-5c46-49f6-99a4-57257d127131,Kyle Isbel,KCR,OF
5a9b4f28-39b4-40ff-b54d-56a288567e15,Sal Stewart,CIN,IF
041f94ce-73c1-479a-8acb-5381547949be,Ryan Feltner,COL,P
3b167f0f-0bc8-48e8-a973-79dd773befff,Jared Triolo,PIT,IF
30877691-3cda-49ad-909e-e50889c51096,Max Meyer,MIA,P
34f538b0-a512-4834-8925-8f9bc89f393f,McCade Brown,COL,P
956340cb-d57a-4ae2-a87b-13129a92276e,Alek Manoah,LAA,P
bf96821d-d75d-4a95-a1ea-26a32f92d71d,Gabriel Arias,CLE,IF
6853c3ae-ba9d-4d56-8c4a-6a923cdb5806,Logan Henderson,MIL,P
f44a2d7c-9b76-468c-b0be-0a763436d0c5,Tyrone Taylor,NYM,OF
c6594a25-3646-4415-87e8-597bf47244c1,Drake Baldwin,ATL,IF
c80a7edd-8733-408e-91d0-c7b9df0a51ad,Mason Miller,SDP,P
867b9ebd-b0e7-47c7-8e6f-0d34f10d99e7,Mike Tauchman,FA,OF
833f9f76-6cb7-4a52-84dc-e56cc391758f,Sean Newcomb,CHW,P
fcc47adc-b883-4e92-8111-6decc0be95d0,J.T. Ginn,ATH,P
544bacb0-e10f-4aca-b4b6-482ec5410d16,Andrew McCutchen,FA,OF
5c8909ae-85dc-4ad1-8d69-4e068d616d67,Pavin Smith,ARI,IF
f4ecef95-987f-4880-8168-6c1206fcdb39,Wilmer Flores,FA,P
7213a5ff-ae1a-42e8-ba83-73ff71e8b737,Victor Robles,SEA,OF
0350c8ad-651b-494d-9c07-c93c527bd089,Adael Amador,COL,IF
6e3a2303-7927-4ed8-9a47-c8170428d93e,Griffin Conine,MIA,OF
6fe363d8-0348-470f-9628-a7f4fe277f9b,Andrew Alvarez,WSN,P
7e9cb621-2570-4f27-bedd-c706b82e0ba6,Jeremiah Estrada,SDP,P
c950074a-46e1-4c66-bfad-2a7f16bdf62d,Jake Bauers,MIL,IF
6f84ac39-b495-4038-ba03-8284abf534f4,Michael Conforto,FA,OF
8f87c7c2-3448-483f-843e-a9fdcb4bfe89,Marcelo Mayer,BOS,IF
3415df2f-eb15-4a21-84bf-e6962689d9f0,Richard Fitts,STL,P
baaa43ed-aae3-4205-b876-8f67c8964ec5,Aroldis Chapman,BOS,P
0c36b40a-9b6d-4d1f-b311-be7f1b6465ff,Justin Steele,CHC,P
76cc8fc0-9b29-4f6f-8e42-5771dc993d26,Charlie Morton,FA,P
8a088e07-6390-48bb-8dbe-b0b93e305187,Joc Pederson,TEX,IF
135e9d4d-03ce-4864-af87-ace9afcbea0a,Grant Holmes,ATL,P
bd8fadfb-781d-41ff-a69d-e56937b16429,Bryan Abreu,HOU,P
19e3edf9-3167-462a-a5ed-dcc8fb0a5889,Carlos Narvaez,BOS,IF
77af9f3a-3de8-4c5f-a0e1-dce574668f97,Jordan Walker,STL,OF
b5d1e337-ee5f-47b9-9a27-b62a35d1ecb2,Denzel Clarke,ATH,OF
1ed28261-2698-4cf5-9598-6da6b0e40195,Max Muncy,ATH,IF
188c02d1-7be8-4ef0-90b5-f8ac2d61e2b9,Taijuan Walker,PHI,P
42468fcc-5df6-42c8-a816-8d5eef1fb010,Max Muncy,ATH,IF
c51e7388-aed1-4adc-b46f-3512aee13369,Luis Rengifo,FA,IF
480a1339-af1a-411e-8f7e-0da524d50cdb,Edwin Diaz,LAD,P
8612c1f8-c8ca-469b-900d-7cc4e3ffde05,Konnor Griffin,PIT,IF
78648929-1107-4ce2-afe6-08605087f06e,Keider Montero,DET,P
466103b3-da06-4565-a033-02e4e19e8a8b,Tyler Stephenson,CIN,IF
0c7f43c9-5650-4f2b-bb72-b5a3473c55d0,Jonathan Cannon,CHW,P
41fe4c64-c45d-4a00-aae2-5d0957e7d3b5,Hunter Dobbins,STL,P
1ff2fa2f-61f6-4852-8841-075c06fdb59e,Adrian Morejon,SDP,P
c5840603-42ff-47a0-8788-0894f9453c51,Bryce Teodosio,LAA,OF
79f14718-3446-4183-891c-0a06d19a12c0,Josh Hader,HOU,P
319bc807-7268-4400-a99b-e6cdf9a643c1,Bryce Eldridge,SFG,IF
99953499-3bd9-4d3f-a2fa-9ad91cfff6ad,Grant Taylor,CHW,P
a1d3e536-8bba-4f17-bd23-098d2c32dda7,Jake Irvin,WSN,P
09416c6b-f3cc-4b22-9e62-4ae0af3571ff,Kyle Wright,FA,P
2b82535e-1f2e-4c77-9ef4-1dfb949a7753,Edgar Quero,CHW,IF
fadb2f0d-1068-4971-923d-0697b8b199d6,Jordan Montgomery,FA,P
bb607453-abad-4e03-9fde-f61bd26363ea,Matt Brash,SEA,P
1cab2ff2-b51f-48bb-acff-7c57fba631d7,Zac Veen,COL,OF
b105441d-d65f-485c-a45d-ed08752f3797,Caden Dana,LAA,P
7d8c7ac2-e2de-49d2-b564-b2991a7c758f,Yoendrys Gomez,TBR,P
8be4805f-6385-4078-8744-5843c8b74548,Garrett Whitlock,BOS,P
1cded655-6570-47d7-b26e-0b0572c58071,Brooks Baldwin,CHW,OF
a133e404-bbcf-4e52-a06e-c80c753ecd95,Cole Young,SEA,IF
be1f467f-fca6-4595-8d81-0c090959a652,Griffin Jax,TBR,P
c6ae52d6-3f6c-46f1-9603-f91dcb5e2452,Freddy Fermin,SDP,IF
c0c467a0-b1b0-4dea-a78b-ddb0fd8a863a,Andres Munoz,SEA,P
7bc783ad-fcb0-499b-8dc8-f9e0ca315516,Ryan McMahon,NYY,IF
7d4d5b62-db33-4e5c-a0c9-b3d184d4ce35,Patrick Bailey,SFG,IF
48cc0ef2-41d5-4c5f-a47d-8c8efca256a0,Abner Uribe,MIL,P
ced7ee3e-777d-44fd-a117-4c6ae0ae7cf9,Kyle Harrison,BOS,P
bcbefa9e-9bfa-437e-b557-47115660a4d0,Romy Gonzalez,BOS,IF
f64036e9-e3f0-42b8-80da-b1377303cd6d,Cade Povich,BAL,P
a147beb9-9951-44a0-b96c-691e39634b77,Rhett Lowder,CIN,P
0419aef6-df72-4b61-8e68-f388c3bad3de,Trevor McDonald,SFG,P
9d854ea6-8200-4ee2-8ed2-343f281ab230,Cade Smith,CLE,P
e064fc7f-aea4-4982-90d1-41f1da440257,Clayton Beeter,WSN,P
e716ecc5-c458-4f8b-b3b3-363d725c844e,Raisel Iglesias,ATL,P
1e96ed06-f2ae-4384-a0c6-0e70cac1d3b6,Jhoan Duran,PHI,P
2bfff748-8bb1-4727-8faf-7b6605886141,Dylan Lee,ATL,P
77d4d72a-ae65-4bf7-b22a-51477e9f218f,Jake Mangum,PIT,OF
278f5a5c-1773-458f-b936-c8ec1c36a51f,Tony Santillan,CIN,P
f468f476-d99d-4bdb-839f-c78f6db08cf0,Jose A. Ferrer,SEA,P
9dc11fa7-6def-4a35-9c84-6ece3a7d27fc,Hayden Birdsong,SFG,P
23614af5-50f9-499f-abf7-c1d055cb159d,George Valera,CLE,OF
df804c1b-cb4b-4b18-9247-c084d1e9b743,Ty France,FA,IF
2969b168-fed8-41d0-b8c0-25124f067646,Zach Cole,HOU,OF
6b232550-ecf8-4cbf-b2ae-1c75088e53dc,Nathaniel Lowe,FA,IF
bedd0b5b-c98d-4e99-931c-9a2a3e45791a,Ryan Helsley,BAL,P
1a26dbab-0d16-48b0-bc1d-7349ed4a32d9,Jeff Hoffman,TOR,P
4aea2541-b026-4e9e-87e7-43bab9adbef8,Fernando Cruz,NYY,P
d58f3e59-46dc-44c2-adb4-0eebfe941c72,Jimmy Herget,COL,P
e6c412d1-3914-4ede-88a0-8f096c301401,Kai-Wei Teng,SFG,P
6fd93d4e-77ca-4a3a-b568-17da8927e4d2,Mitchell Parker,WSN,P
b04caa7f-38b8-41c4-8a3e-b0f1ac3cd2c4,Louis Varland,TOR,P
b4a00bd8-f4a6-4959-a8eb-4d8addcb06a9,Payton Tolle,BOS,P
f6e3cbfa-0d10-4b72-891e-77a90da55232,Nasim Nunez,WSN,IF
50f1fe2a-9fc5-4dc9-8ef7-f1a6044c897f,Matt Strahm,KCR,P
0316e851-9349-41d8-9369-9827d10780c9,Luke Weaver,NYM,P
8efb4ae1-e96a-4486-9582-22166967efb2,Vaughn Grissom,LAA,IF
a436f8d2-41cf-450f-8e2a-924f6ba1c69b,Devin Williams,NYM,P
b1c877bf-3ce4-4697-8cae-be3db7920176,Cal Quantrill,FA,P
11114e83-683f-4bdc-aa73-46c4167f0a03,Pierce Johnson,FA,P
17b70a8e-9d22-4546-ae8e-45d983a0a9ac,Orion Kerkering,PHI,P
2b29106d-64e9-434b-82a1-9c0b7c505a95,Tyler Alexander,TEX,P
1e613413-d30f-4717-975b-d6a0f1deb35b,Alex Vesia,LAD,P
a4506bae-c3e8-46fd-ba49-2fa06338385d,Jordan Leasure,CHW,P
d302542b-c372-4a50-8184-c5785f237d11,Graham Pauley,MIA,IF
44e24451-3e75-4433-92c6-929345ec30ba,Connelly Early,BOS,P
2a4cd539-3a2b-4c71-b5c6-c234bb70a512,Robert Suarez,ATL,P
15c17983-c5d6-49a8-9bbb-fa22595c1221,Dillon Dingler,DET,IF
db4efdcb-8dac-4426-8f4d-9675bc502d3f,Trevor Megill,MIL,P
ebc21b87-8e53-4c63-a26d-9bb18c61c621,Carson Kelly,CHC,IF
444a05a0-fb11-41af-bca8-d9d520a5abd8,Johan Oviedo,BOS,P
27299d9a-f6e8-493e-9910-9837ad034e59,Trevor Larnach,MIN,OF
03b5a682-700b-4e70-a8a4-37cb1007ec9b,Aaron Ashby,MIL,P
f586c81a-0fbc-46b8-ae12-dba9e961149c,A.J. Minter,NYM,P
2162e553-857c-4309-b309-e8381bb744dd,Carlos Santana,FA,IF
37716598-ba62-49fb-81a2-bbb56caeb092,Ryan Yarbrough,NYY,P
57cfb0d6-e0e1-4730-b0bd-5b3a637ca01e,Carmen Mlodzinski,PIT,P
6ceb4173-69cc-46b9-8059-6bfecec958d4,Shawn Armstrong,CLE,P
6d469390-b3d4-4095-823e-be296f369422,Drew Gilbert,SFG,OF
62abaef2-9360-48dc-aa30-bdd9bd24cd3c,Robert Garcia,TEX,P
1ac1efc8-f4b8-4252-8ded-af5bc741fa89,Gabe Speier,SEA,P
87508d8f-2063-4737-8659-419ba4dcdd8d,Yimi Garcia,TOR,P
f19fc409-3ae1-4824-85b7-ed958208a912,Bo Naylor,CLE,IF
4cfe7026-5925-446a-949b-6ce069f9b360,Jhostynxon Garcia,PIT,OF
4a00fa31-a255-449e-9470-4ff78cbbac91,Daniel Palencia,CHC,P
1ffaab39-4145-4d46-87a9-a611203091d4,David Bednar,NYY,P
7cf591b7-cbee-41c2-8131-8be99a9dd3ec,Camilo Doval,NYY,P
a4aa0b28-e067-4879-87f1-d68ee78d6ca8,Justin Topa,MIN,P
cb90df2b-e692-4518-8d2b-cfc078161946,Angel Zerpa,MIL,P
9731719e-e8c5-424c-a511-28a625cdb115,Carter Jensen,KCR,IF
b3d177ca-f125-425c-a0da-924ebb14e013,Sean Murphy,ATL,IF
cd385d84-300f-4a25-804b-7ce1f756e479,Keegan Akin,BAL,P
203cfcf7-8072-4ac1-8535-20aeb7d2b406,Garrett Cleavinger,TBR,P
86c2eb16-3164-4f6a-b303-ef092c9755dc,Eduard Bazardo,SEA,P
c01389c3-998d-45c4-9f25-6106a054c292,Janson Junk,MIA,P
e257e9ec-682a-4232-838f-47afe45ffae9,Steven Okert,HOU,P
2b326a0a-7499-45c9-9520-b8e04978dfcc,Casey Schmitt,SFG,IF
e3f6b166-73a8-424b-a942-4f7a24dfc8ad,Mike Vasil,CHW,P
b4d7a093-f9fa-4c48-9d2a-fa5e79a5e63d,Jared Koenig,MIL,P
e4dd5e92-0324-49f3-8b36-6e7052bf6bae,Bailey Falter,KCR,P
0a3a00d4-ea71-47cb-bcdb-b26dff880982,Juan Mejia,COL,P
2dfd5525-3e53-4ee9-be3c-3e0735372bec,Tommy Kahnle,FA,P
52e88ddf-088b-4119-ab41-d238f713f49d,Erik Miller,SFG,P
628c0575-3b9f-4a27-aa20-7ae22213193b,Seranthony Dominguez,FA,P
9d157ffe-7161-4d20-a4a6-bb532b547b00,Danny Jansen,TEX,IF
44b5bb26-0e85-433f-9d34-b681ad529fae,Alexis Diaz,TEX,P
5bac375b-1989-4ed4-a426-1f2442c0041c,Wandy Peralta,SDP,P
5c62ca1e-155c-44dd-a351-af15fac6cfbf,Tyler Holton,DET,P
352a57e1-4478-4117-9f96-00cb0ca33024,Jose Caballero,NYY,IF
c743ccb1-7b28-4e9c-9641-4d25f9bbd46e,Phil Maton,CHC,P
3d6eecba-e06f-4ae4-979b-57d824592253,Erik Sabrowski,CLE,P
0236632f-7422-4f4f-b1cc-a22e81d61a5b,Spencer Bivens,SFG,P
c9046d5c-b8a5-4018-b9d9-6f1a7515314a,Christopher Morel,MIA,OF
fafee3b3-d6b8-45cc-a85b-d0304b7098d3,Bryan King,HOU,P
405eae96-a5dd-4646-bc3a-2e5a479cdaaa,Jose Alvarado,PHI,P
df0c4c51-f4eb-4374-b8c2-093fcef6ddcd,Robby Snelling,MIA,P
65d67dff-9e69-4539-8f6b-98f41b413432,Tanner Banks,PHI,P
c28d7c28-a3af-4dde-8efe-5e989a9fde14,Ryan Ritter,COL,IF
d4b1a892-5b19-47d9-9159-2929839b0712,Colby Thomas,ATH,OF
fccfc230-9c66-491d-913e-86aa8d6baefc,Kirby Yates,FA,P
d6a096ec-5545-4d0a-9863-70d4b3b0bdd1,Chase Silseth,LAA,P
9cc7bb8a-a853-41da-8041-aac9739fba8a,Lucas Erceg,KCR,P
af274225-8f36-400d-b349-c0bf549096e7,Jose Butto,SFG,P
e4a076b7-7df0-4445-aa3b-5b0014814ee4,Emilio Pagan,CIN,P
58dca4b6-d1bd-47cc-b198-8fb8d07865f8,Owen Caissie,CHC,OF
42f738ee-66a9-457f-b0b2-c47d631321b0,Greg Weissert,BOS,P
5c1ac6a7-7cad-4e67-bd03-6dcd2efbcfb9,Nate Pearson,HOU,P
d61fcd2d-6261-4c35-bda8-4f400cae2776,Tyler Kinley,FA,P
5f1ac0c4-ecea-4d43-a652-14f841166206,JoJo Romero,STL,P
d03794c0-de8b-432a-9c96-7c9ea7ed2d97,Jacob Webb,CHC,P
d57c544a-1131-438c-869b-d174bba34694,Alex Cobb,FA,P
f8a8bf29-bc4f-42f7-bbfa-8b40dd83cc14,Edwin Uceta,TBR,P
0f2c3519-fd57-4c82-8d0b-06489fea985b,Cooper Criswell,NYM,P
3a282aa0-39f0-43ad-b445-08893aa96969,Spencer Turnbull,FA,P
a7a14066-190f-4a83-a36d-8d24056ac19f,Rowdy Tellez,FA,IF
931fc272-f247-4043-8a55-bc8ce7c42d57,Brad Keller,PHI,P
b51d5312-5503-44cd-af0b-b06d8324a831,Joel Payamps,ATL,P
bb044bba-79fa-4002-b68e-ba04ed89972e,Aaron Bummer,ATL,P
96fe0ccb-d1ff-4bb6-8b96-5291af5d46aa,Anthony Bender,MIA,P
9cb15638-6459-489b-bcf9-ffe395907cf7,Robert Gasser,MIL,P
1f6bc750-203e-4930-b201-096e16277495,Pedro Pages,STL,IF
c1c85a47-a342-438b-a38d-87bccd50f5df,Matt Gage,SFG,P
ce4b2d9a-18b3-48c8-a41e-a90e7bc869d6,Drew Thorpe,CHW,P
faa95d02-93af-46b7-bc23-866a29edf8d4,Bryan Baker,TBR,P
bc7b82f7-6a30-4ad9-8be8-4b5e1b0e48c9,Scott Barlow,FA,P
7dc84be2-3f2e-4ad3-b386-f101134a7589,Randal Grichuk,FA,OF
442f686c-4675-4a4b-9457-34cef469a062,Michael Massey,KCR,IF
2171c13b-40bb-4c93-87e0-5ca4757ba094,Paul Blackburn,NYY,P
31729086-bda9-4b22-8288-370d5c31aad8,Stephen Kolek,KCR,P
b537b87a-81a6-4a0e-a79b-02bf48a4caa1,Kyle Finnegan,DET,P
be80ead4-f4c9-4f8b-85c4-55f1617ff849,John Schreiber,KCR,P
d80bbc0c-b676-46c4-b21e-45f6bd805150,Elvis Alvarado,ATH,P
b38dc1a2-d489-4ef6-8dd6-f91027615190,Kody Clemens,MIN,IF
0ebe847c-73a4-4b62-a4f8-7622370e1a7f,Andrew Nardi,MIA,P
bba8d880-ca0f-407f-9589-484b6575627f,Hoby Milner,CHC,P
e9d27a2c-1b9d-47b8-be6d-1da67e1e6948,Javier Assad,CHC,P
19297bec-20d9-4798-8e17-ee3e37add23b,Andrew Kittredge,BAL,P
818e4882-3d21-4e74-932f-abac0a46b1b7,Starling Marte,FA,OF
f2a0e8f2-8b50-4510-9ad5-348ac14f3525,Zach Maxwell,CIN,P
f301a043-00e5-4926-9509-ec5a200e1d21,Adbert Alzolay,NYM,P
3b113c66-0a49-40d8-b0d9-311aed189d05,Andrew Saalfrank,ARI,P
b6a99c5a-f7a0-4fb9-8bd5-914a6f94f824,Tyler Rogers,TOR,P
c4ba83cd-44ea-4e93-bb73-f9a4e4cf3967,Joey Wentz,ATL,P
45bf144b-0107-4b01-9b44-0b1fc3b94925,Rafael Marchan,PHI,IF
5bbc5f72-dc12-4594-979f-9b81c02532d9,Kyle Hart,SDP,P
971f47b8-6658-45fd-8997-aaa29dc05e1c,Ryan Bergert,KCR,P
eb29794c-4ba2-4300-aa4e-14b6d23e31cd,Brandon Williamson,CIN,P
2acd8103-edf9-4717-9ac5-f09521a52a2b,Mason Montgomery,PIT,P
66269910-3c87-4642-bac2-fbcb51d55539,Riley O'Brien,STL,P
d9c90073-9e66-4068-83e8-68f801f0ca75,Brendon Little,TOR,P
3f8437b2-1500-4964-818b-0e66d1d7394c,Jacob Young,WSN,OF
5e5b2899-5718-436a-8288-f624024fa816,Robert Stephenson,LAA,P
82052dd5-5bda-4e18-8b14-979c7d422a06,Connor Phillips,CIN,P
f8ca0cde-f6f4-4fc0-9c4b-93680fe29b13,Chris Martin,TEX,P
b66c1cce-291f-4d44-a606-7a88597047eb,Lenyn Sosa,CHW,IF
2e0ef7e0-cd81-4acc-aa19-673f0e7d5fcc,Brady Basso,ATH,P
27d4a6f6-8f6c-4abf-9bc0-cc47d6c6b232,Kaleb Ort,HOU,P
b42b45a4-8ffc-44ec-905a-6ea1e1d26ef3,Cole Sands,MIN,P
4a783015-75a2-4589-88df-9dabcf763808,Kevin Ginkel,ARI,P
4b13a413-2134-4112-a6b5-6efb27ab1f4c,Tanner Scott,LAD,P
e4ad6357-d63b-4bd2-bec3-6dbec95063b3,Ryan Zeferjahn,LAA,P
e7f64cfb-bed1-4f26-a8dc-a9c99228e832,Grant Anderson,MIL,P
f1826c43-c704-4871-bcae-ee931719b5f0,Bennett Sousa,HOU,P
004753a4-10a2-4488-8e4f-7169c8b93c9e,Hunter Gaddis,CLE,P
aca7ccb5-f965-4007-bf71-47a0aa99d8de,Robert Hassell III,WSN,OF
fb8ce847-f23e-44f1-a0ba-3ca2562dd84e,Hogan Harris,ATH,P
19f08cc0-00d2-4293-9d19-58dbd2bbf03f,Dietrich Enns,BAL,P
225cbc39-71cd-43c1-b400-9d6f15fd37c1,Jonathan Bowlan,PHI,P
36f662b6-10eb-4f05-9a51-f6bfba194236,Caleb Thielbar,CHC,P
ded9d5dc-cf28-49fb-acd5-07bc3b9db6ba,Jovani Moran,BOS,P
296e4eb8-7bcf-47a9-8311-60a5e784f8a7,Sam Hentges,SFG,P
58a9b93d-0bbd-47ce-8a3d-244a90b07c3c,Seth Halvorsen,COL,P
75812638-789d-4ba3-b8f2-b50b31471337,Jackson Rutledge,WSN,P
7a53ae8f-5b79-44af-b196-3805670e2c36,DL Hall,MIL,P
4ca5669e-a54c-4e4b-a29f-02abe5d32105,Ryan Walker,SFG,P
1dd59cb3-2f69-4320-851a-bc9083998a38,Adrian Del Castillo,ARI,IF
a1232151-f102-4de6-8312-d961ad561185,Caleb Ferguson,CIN,P
d13ba535-85bd-4467-bd40-ad3671291cc4,Kenley Jansen,DET,P
f8d571d3-fd44-4ebb-a354-9de432138a25,Calvin Faucher,MIA,P
8ef89aff-dc2c-42e1-9833-c72d15207f9c,Isaac Mattson,PIT,P
9936f632-f0a3-44f3-a383-7dcc5dd0c3a9,Will Vest,DET,P
bc498609-6c2b-4788-b6d9-799ec526d877,Steven Wilson,TBR,P
55efc9d7-94e5-4adf-89b8-ffb9452f9ac0,Carlos Estevez,KCR,P
6c741abc-419a-46f2-ab39-1fa70dc8d8d4,Tim Herrin,CLE,P
c16b793f-dbf5-49a3-9293-4bc18ec5daec,Konnor Pilkington,WSN,P
5a3c2f19-c6d4-4315-8162-9adfdab9cba6,Brock Burke,LAA,P
b4e65824-8ec1-44de-9a30-9b78e5ece3db,Victor Vodnik,COL,P
0ec8b656-af5b-42ea-9092-e4c9145f4cae,Blake Treinen,LAD,P
40ab45de-0e6d-4d0f-b00e-c99f4671ff62,Yuki Matsui,SDP,P
ca77e227-eea3-4de4-93da-7d1d968fc899,Connor Prielipp,MIN,P
eb138d67-dc6a-4dcf-bb73-d316736c97db,Garrett Mitchell,MIL,OF
1f619544-367f-4bc7-85cc-071612c4f816,Cade Gibson,MIA,P
d4a29976-4c94-4234-8294-5d6a284a83b5,Tyler Gilbert,CHW,P
98d2ed43-40fb-4400-8c21-951ff50db0db,Ben Williamson,SEA,IF
b9a893fc-dd04-45c3-95d0-8b696c61a4d8,Nick Mears,KCR,P
fd9c1418-253b-4735-8d4f-e1076fb625c6,Bryce Elder,ATL,P
5d5d5361-8538-4875-967d-1206f3f91f38,Jaden Hill,COL,P
8c3cdb18-ad88-4966-936e-5181605ccc38,Wikelman Gonzalez,CHW,P
9d5a0ffc-1646-4410-88c3-1f494a942845,Joel Peguero,SFG,P
ef03732d-19bc-4c20-8c5e-b427274a3288,Dennis Santana,PIT,P
1586c31b-9fcc-426e-936e-7f1d3b73fffe,Luis Matos,SFG,OF
dccab439-9b08-40d7-8011-c9700159e3fb,Yennier Cano,BAL,P
e1ceda1a-fa16-41ee-9065-7b216d0e012a,Jackson Kowar,SEA,P
2e8b707d-30ce-4612-969f-ed568cb3c127,Enyel De Los Santos,HOU,P
c7298ff2-60c8-4c25-be32-7a3c314eacaf,JJ Bleday,CIN,OF
0457b4aa-6f53-4922-9b0d-131a3e066b3c,David Morgan,SDP,P
36bb7d21-cd47-4823-83e6-8924655d7384,Rafael Montero,FA,P
ba88161a-4907-4afc-a8b6-3db759f4064c,Tyler Locklear,ARI,IF
bb9c0017-b53b-4d7a-b47e-2c741bf7ca4c,Tyler Phillips,MIA,P
8cd7f9b6-a5b0-4c4a-a9d9-48617edb7ebd,Javier Baez,DET,OF
bc121745-5cfb-4cff-8e7b-40482b707c74,Ian Hamilton,ATL,P
6cbb3d2f-674f-41e5-8fa4-6d9766afda71,Ben Casparius,LAD,P
d77f8fc1-f171-46b9-9abc-4887577b9845,Justin Wrobleski,LAD,P
37f99744-5371-4a3d-b317-1f98e1d328fa,Justin Lawrence,PIT,P
3accf933-8c7e-44e4-a14a-14d7f61bff56,Zach McKinstry,DET,IF
c663e688-b839-4fce-8b64-2bc7285f46d8,Logan Evans,SEA,P
d2bf344e-3c92-4cc6-902e-140de817a61a,Thairo Estrada,FA,IF
439ae1af-08ca-4768-8ffd-a11078357430,Tobias Myers,MIL,P
ac8003b0-b62d-4a60-bd2c-174c733b417b,Cole Sulser,TBR,P
bb05974b-280e-4ced-85a7-74fa0ce99ac2,Justin Sterner,ATH,P
cff676fd-7367-4249-8f81-cc76094f1361,Justin Wilson,FA,P
344bc606-968d-46d2-a9ec-5c9a6d883ee0,Christian Scott,NYM,P
d48ee618-fa3f-413f-9b62-6d78a75a626a,Yoan Moncada,FA,IF
eae44c02-9fbc-46ee-a854-065dabbe46bb,Troy Johnston,COL,OF
ecfb86eb-d26d-4e13-a35f-94a5ac5c441b,Gregory Soto,PIT,P
b554f700-52d6-4307-af68-09011b1412db,Sawyer Gipson-Long,DET,P
fc8d80ec-0547-4bee-83ba-fccf1149b4e8,Taylor Rogers,FA,P
69ada66d-1e81-4986-bde1-f42f11aa5f64,Alek Thomas,ARI,OF
848a443f-6321-4866-b727-5c21de549667,Luke Raley,SEA,OF
a5379e83-b965-46c1-9315-c76f646c5d76,Brenan Hanifee,DET,P
e930b275-63a5-4502-8270-95a7d618c2d5,Huascar Brazoban,NYM,P
fa749183-7ff6-408b-b3c7-9d395300f655,Ryne Stanek,FA,P
300baea4-9ce3-4d13-9d4e-10b9428ea16d,Ryan Thompson,ARI,P
7bec05da-cfb9-4a02-8445-42ed63b153e4,Brandon Sproat,NYM,P
5e9354c7-7a81-4559-978a-50e71f5dae35,Drew Pomeranz,LAA,P
bf1d5817-d3f1-4488-ac4d-d0221e29339b,Jakob Junis,FA,P
ba415061-692d-4668-a847-b60e69b6bfce,Eric Lauer,TOR,P
da802b99-2313-4273-9724-9b308b402fc5,Brennan Bernardino,COL,P
041a52f4-f845-4abc-b048-fb7d43627ecd,Cole Winn,TEX,P
79baad3a-be6d-44f5-86bf-f0b769bc9eee,Jordan Romano,LAA,P
576dd3e7-0eba-45ce-9a71-f8997860a7e9,Cole Henry,WSN,P
67e3e955-f435-4432-a7b5-71ee0ea8f821,PJ Poulin,WSN,P
7a6fdf1c-9ea2-4f9c-ba90-d38735d6c1de,Brooks Raley,NYM,P
2d7952b2-1d2e-40d0-8c23-4509ced5c5f8,Richard Lovelady,NYM,P
6335e907-b1a4-4542-b5a8-e2ec974dd05e,Connor Brogdon,CLE,P
bef4f7de-fdc8-4ecc-9756-0ea23a71b9b6,Brandon Young,BAL,P
c56d415c-114d-4a35-bde3-43a5c1211c74,Matt Svanson,STL,P
11f8b250-bb8e-4318-9536-306f2fbfe302,Beau Brieske,DET,P
258b0c42-b1d5-4b7e-a299-db44469378ba,Hunter Harvey,CHC,P
a68fccf6-aa67-472b-aca2-a4ac32a9f6b7,Alex Lange,KCR,P
bb6448fd-a243-4996-b9ee-3e7842288d6b,Kohl Drake,ARI,P
000f1e0a-4d7c-41d6-9dc3-28cc5f4ee323,Everson Pereira,CHW,OF
31755c21-29a6-44c0-8a8b-541f3d907656,Brant Hurter,DET,P
e6995dcb-7e84-4890-bc76-876ef0ae957b,Justin Slaten,BOS,P
0b42fe47-ff04-4b40-bff4-f7c453e6e98c,Mason Englert,TBR,P
7a85aab3-cb3d-4b5d-a1e3-78428f3ec4f8,Yohan Ramirez,PIT,P
84321865-f742-4124-a7c6-a4d0cf9d3c9f,Ryan Fernandez,STL,P
df80fd84-f7c2-4149-8b3d-a62b1b1cb71b,JT Brubaker,SFG,P
ee74035f-c983-4b53-8196-74c92982f1a1,Paul Sewald,FA,P
d07102c2-015a-4c92-8022-76aab2aff12e,Trent Thornton,FA,P
ba424212-319b-4a70-b006-102d531fa0a7,Brusdar Graterol,LAD,P
e174d3ae-932b-4f6a-b84e-23ee8e28113e,Joe Ross,FA,P
6405748b-5ee4-4eb3-8c1a-c0b9ae1c3f59,Drey Jameson,ARI,P
07919ddc-1708-450f-a5db-62186ce0f48f,Joey Bart,PIT,IF
3e1e97dc-ac31-43f7-b714-4c0228b6beb2,Ryan Pressly,FA,P
c79921ff-26fd-47ca-872c-f34f2536f299,Zack Kelly,BOS,P
573978f3-b7ef-42ea-b5c6-5b9134f4582f,Graham Ashcraft,CIN,P
a2b49515-f7fd-4023-b992-4a1181c633a5,Tommy Nance,TOR,P
119a9ec8-ed8f-4ccb-89eb-222e1dbb4fe0,Harry Ford,WSN,IF
4543b4c4-6204-4834-ac97-d200817b9e5b,Tyler Ferguson,ATH,P
8d440e33-4be5-4eb2-87e6-96d42347b0b6,Oswald Peraza,LAA,IF
e49e72ad-1fb4-4bfa-a77e-5bd9c95719b6,Isiah Kiner-Falefa,FA,IF
efec7f50-2209-43bb-b457-6b4b99d1c975,Jalen Beeks,FA,P
2f821a3c-50eb-4bf1-9819-0d93678df521,Nick Fortes,TBR,IF
e51ab42f-5ac4-4fd6-9842-5bf0ae89230d,Mike Clevinger,FA,P
26ed8f68-4746-4ad1-ab8c-444e6861d3cc,Jordan Hicks,BOS,P
d01e13e1-32ed-4fa4-9e95-48f73ff21227,Kade Strowd,BAL,P
729fa31f-c5b2-413a-9336-9922b2faf4d1,Gordon Graceffo,STL,P
7e2254a5-f9ba-49fd-9a81-8aee7ed41b48,Ezequiel Duran,TEX,IF
9336502e-9fbd-40de-a565-509e9c331b81,Tim Hill,NYY,P
d250b461-f03b-4aad-b5e4-5e602d340f67,Jason Alexander,HOU,P
11de60a6-7f97-4ea1-95c6-5c5445571630,Anthony Banda,LAD,P
524355a8-3dbc-40c1-a8a2-c304eff8ae0b,Porter Hodge,CHC,P
6886349f-9617-474f-81c5-1340d8803e1c,Brent Suter,FA,P
ffb70f83-8397-4e74-9cef-0d3892338a13,Braydon Fisher,TOR,P
affd35c3-f40b-4772-98c3-5bc04727d522,Ronny Mauricio,NYM,IF
5d9c45f7-f25c-4b2e-a65e-be798363f5b9,Daniel Lynch IV,KCR,P
d1f45efe-06fd-4919-9545-19a1148b986c,Emerson Hancock,SEA,P
da71a5f1-a8ff-4370-90f3-efee4e4aff74,Blake Perkins,MIL,OF
6ffab0d7-f0b3-4763-a9ce-645f22087067,Chris Taylor,FA,OF
9b3dc6ef-eeb2-413d-843a-46bc53d2986c,Keibert Ruiz,WSN,IF
dcf9d2ad-dc08-469e-a705-0c6207617304,Wade Miley,FA,P
b6c560f6-aaf5-4689-8e85-3bdbdad4d7bd,Nick Castellanos,PHI,OF
36b1e105-d769-45fa-91a2-bb900f2a162e,Michael Kelly,ATH,P
8b564bd4-dc7e-41cc-9451-9486a08e04ea,Ryan Brasier,FA,P
9807db2a-867a-409b-a3fd-10acca4a7343,Ron Marinaccio,SDP,P
67ef4836-efe6-4753-8350-4e79a88dbf3d,Luis Campusano,SDP,IF
ed761f41-7365-45c5-b7db-de93478d0ea1,Matt Vierling,DET,OF
32fc2111-fd10-4120-94af-5952a0b4818f,Gunnar Hoglund,ATH,P
57b19b4f-99ff-4d6c-ae7c-cf9d41a88546,David Festa,MIN,P
076b443b-645d-4ce4-ba19-ad0ae242d0ec,Chad Green,FA,P
0e994079-08a1-40ff-813f-8959ea758ef2,Sam Moll,CIN,P
352eecc0-0200-4c7d-9490-e501e0ed710a,Amed Rosario,NYY,IF
1bf3ceb9-7ccb-46c0-8c25-8b22fcdedfc9,Luke Jackson,FA,P
deec9882-caa1-40aa-93bf-9f98abfbbcaf,Dylan Moore,FA,IF
7d7944fc-6ffe-4bbf-aea0-8fca1aacf06c,Austin Martin,MIN,OF
7293047e-fd89-474d-887b-25f51ee0ce16,Antonio Senzatela,COL,P
baecf21d-be7f-4af0-89dc-147da3b477ae,Alex Call,LAD,OF
02051dba-511d-4ac8-ad67-ae9f8b3821d9,Victor Caratini,FA,IF
b5f3f30d-ecd4-4346-8f54-9cb9aab79fd8,Will Benson,CIN,OF
6fe3bd36-4f79-4ba8-a5e7-755256caa17f,Chase Petty,CIN,P
9424b65c-5f83-48fb-9f5e-8ed16d78d35b,Adam Frazier,FA,IF
69027b48-1f74-42d0-8189-a370e5b8fd40,Hyeseong Kim,LAD,IF
36fb8feb-ff3b-424c-a341-cedc6769ca57,Zach Agnos,COL,P
c7014337-f7fc-48d4-8167-45ee10a86587,Dylan Dodd,ATL,P
8fe0814d-a862-4dbc-9d06-2d24f422ff1e,Jake Fraley,TBR,OF
b5bd4ae2-327e-40c4-b113-725824f7dfd5,Moises Ballesteros,CHC,IF
8cefdbcd-d913-403b-a024-8d43bebe8edc,David Fry,CLE,IF
7c8ad197-1118-44c2-89d7-e9ed9adfdcd2,Johnathan Rodriguez,CLE,OF
99d03c35-643b-48b3-af71-05d0760834ab,Enrique Hernandez,FA,IF
243207c7-cf6f-4e36-ae90-418ab4a1d167,Joe Mack,MIA,IF
14e0f620-d836-4cd9-9ae0-82c741d95057,Jose Fermin,STL,P
abca0136-a0d7-40fe-8556-48e1106f8489,Garrett Stubbs,PHI,IF
99c7ce73-75c6-4c80-ae9d-fb1047de9758,Dane Myers,CIN,OF
54d99510-26a9-4923-9091-191f0b2151c6,Colt Emerson,SEA,IF
80709018-d8d0-4eed-bc21-0fc459dc4fee,Sam Haggerty,TEX,OF
afb8bcce-d923-49c9-b6a6-e08184a9475d,Angel Martinez,CLE,OF
0d558af5-e34a-4974-8418-0629f33b2fa6,Jeimer Candelario,FA,IF
c26c6a05-3991-4233-a4ac-817106272798,Jake McCarthy,ARI,OF
ffd8dbbc-45c1-4f18-bf1d-e74771aecb13,Gary Sanchez,FA,IF
ff4fc795-e52d-4a9f-8016-34953d4cee4d,Jonah Heim,FA,IF
ff3fe51f-9acd-45b5-9e2d-5547305676cb,Oswaldo Cabrera,NYY,IF
3650703c-7e32-4a27-a4d9-d0355ac1b538,Wilmer Flores,FA,IF
aa0a66c4-bc52-4664-af68-1823a3fe0f49,Bryce Johnson,SDP,OF
b5c4e6f4-7fcf-435c-b9a1-2bc8aa4efa63,Josh Rojas,FA,IF
252377af-48b5-47d8-bb3b-a80ccc1e6d06,Jon Berti,FA,IF
42fd9e1b-0ee6-42fd-94d6-29be5fbf7255,Jorge Mateo,FA,IF
3019126b-989f-41de-9af8-b004368e656d,Dylan Carlson,FA,OF
021785ab-41b9-4c35-9439-cf98ff921866,Reese McGuire,FA,IF
ae7bbecf-98de-4902-a12f-8aa417e0eb21,Miguel Amaya,CHC,IF
fb0cf86a-8563-4358-ad43-fa58095b61eb,Jerar Encarnacion,SFG,OF
4574ec27-a6ec-4620-92cc-be065609d60f,Masataka Yoshida,BOS,OF
7e478245-edd4-44e4-9750-c4e604c85d11,Mitch Garver,FA,IF
363e1a7a-1c33-4017-9d76-7ee986dc3a52,Orlando Arcia,FA,IF
65b36641-66c5-43b5-ba1a-c8d62c510917,Daniel Schneemann,CLE,IF
c8f4b8a9-36d5-4c44-a6bf-48bbec6ed9a1,Andres Chaparro,WSN,IF
d704fbff-6cc1-4c73-ac8d-c726d09ec257,Otto Kemp,PHI,IF
a4de6712-aff6-4a2d-9fbd-1d0272e76d7e,Thomas Saggese,STL,IF
52ca2ab8-fbaa-4878-8150-52365fb4e946,Triston Casas,BOS,IF
bd65a142-06a2-413a-8999-b162959a2492,Carlos Cortes,ATH,OF
817960bd-8eb6-42bb-b71a-496c73ad7a3e,Mauricio Dubon,ATL,IF
a889a948-60d8-4056-b1ef-5b272cf96bf5,Derek Hill,CHW,OF
da6b1530-5ff0-4673-a5b2-f88d331ec21d,Alex Verdugo,FA,OF
1d0c98b8-54ca-404c-9415-271c747e61d5,Alan Roden,MIN,OF
3042a323-5c5a-4e13-9389-108f4cb4ed42,Justin Turner,FA,IF
1ee09218-e756-437f-b946-831ad2f858cf,Jose Tena,WSN,IF
592e1821-5fec-45df-971b-92975a3b8240,Dominic Smith,FA,IF
10c71e0c-f75d-4e87-b76d-6886f3b3c554,MJ Melendez,FA,OF
c0562e4f-2773-4915-a39f-dcc5cc5c4c3f,Dalton Rushing,LAD,IF
9661baf7-f18a-4535-9dc3-1ddc257299ff,Ramon Urias,FA,IF
c2129404-5512-4b5a-9ea6-3ef234d72a12,James Outman,MIN,OF
58cdc524-271b-4d26-81d2-a8dbd973835f,Jacob Melton,TBR,OF
ade365a1-a4e7-4f96-97fa-19471885c9ed,Will Wagner,SDP,IF
5337ae4e-c84e-4557-b7a0-58ea3d84505e,Jack Suwinski,PIT,OF
8c8d6f33-986b-4e4a-8f66-18573b456bd7,Kyle Higashioka,TEX,IF
8b156da5-1537-419a-a51c-c7ee33243981,Mark Canha,FA,OF
7b3afdaa-677c-4de0-9876-22278efdd220,Matthew Lugo,LAA,OF
0963e5b6-ff2a-4f96-b37f-5b022f739595,Liam Hicks,MIA,IF
2d9a9b3f-5c97-4127-ab3f-e39e22a74853,Javier Sanoja,MIA,IF
d2b22e3b-ffd8-46d1-bfaa-b99529e774ab,Kevin McGonigle,DET,IF
64b23178-84ac-42f5-9398-9d441ef0f9ef,Braxton Fulford,COL,IF
754af7f5-6718-4614-a0cb-fedcc72be600,Ryan Ward,LAD,OF
10a88708-9c2c-4a84-a2a5-2af71a64422d,Henry Davis,PIT,IF
aedec60f-62ae-4507-b622-83d9ce1ab6ff,Jose Iglesias,FA,IF
33cb2a8c-06f4-4aa2-8fa0-42843d22caa9,Cody Freeman,TEX,IF
ca8003ad-0c81-41f4-9922-75cdf231594f,Leo Jimenez,TOR,IF
81f105e3-f76b-4971-8d1c-f794ecd3d1ee,Paul DeJong,FA,IF
8cc35f39-c895-41e9-942d-35768154e264,Blaine Crim,COL,IF
f075ff66-0302-44fd-994e-e493d82787f1,Leo Rivas,SEA,IF
c5a89945-cbc6-48cb-9df2-a2cd8a83f3a8,Chas McCormick,HOU,OF
e0970425-d985-4cfd-abab-a4d4d09893e6,Edouard Julien,MIN,IF
5ccdc6a2-3d9a-4cce-9c07-1a6b18c850a8,Jahmai Jones,DET,OF
9301714b-db78-4641-8739-bf9d1072833d,Jeremiah Jackson,BAL,IF
d275a0c5-a384-4831-909f-3c8ab1b442d7,Hunter Feduccia,TBR,IF
888acb99-bdc6-4fa0-8b72-83d13c37bd7b,Nick Sogard,BOS,IF
d65e4998-42a8-4fe6-865f-75bcd1666f7f,Travis Bazzana,CLE,IF
37492be0-78b0-4570-afd2-aee83caae5a1,Braden Montgomery,CHW,OF
f85dac6e-1daa-4177-b5c5-ac31a61b153d,Luis Urias,FA,IF
2b519a86-448b-44b8-86e8-073eaa412739,John Rave,KCR,OF
433ec7ac-ac09-4173-9e15-548bf3219cc5,Anthony Rendon,LAA,IF
6f96aeff-ab75-44bc-a744-e67399ba87df,Jose Trevino,CIN,IF
a9c9625d-5190-49f1-ac9b-6f44960d3a54,Michael Helman,TEX,OF
1edba53d-2d22-46e6-a0bb-a483c87c918f,Christian Vazquez,FA,IF
4e555bcd-3088-4725-b88b-71ff1e0a5185,Connor Wong,BOS,IF
371beb37-43cb-4cd3-ad47-1c5f30a9af09,Luis Torrens,NYM,IF
5b0e5fee-7f32-4dcc-a5cf-4a9de9b3539f,Jared Young,NYM,OF
32d27f85-9ffe-4a93-a169-bcb36083e9bd,Kris Bryant,COL,OF
b43ab40c-0a69-4eca-90b9-00b2c8f4320a,Yanquiel Fernandez,COL,OF
1f88d213-6ad3-4b46-b114-b3b5cf4b9864,Andy Ibanez,FA,IF
e987a1b6-2efd-46df-b7b2-241f03345045,Miguel Rojas,LAD,IF
d98f0839-caeb-4607-a22b-fe8ec252de7b,Edmundo Sosa,PHI,IF
d952d553-1f16-48ec-9640-530294c2580b,Darell Hernaiz,ATH,IF
e0052df5-a6ef-40e0-b0c7-5161c5913d65,Ryan Mountcastle,BAL,IF
f007eb21-ed14-4138-a465-152dedf0cc76,Ryan Vilade,TBR,OF
fa6c5059-cc43-45e3-8638-dc54562556d5,James McCann,ARI,IF
20f46f50-110d-4b69-9972-cba2606be0f9,Austin Slater,FA,OF
e50f3350-09d6-435d-bfe7-bc27466e5072,Jake Rogers,DET,IF
b6521eb1-69d0-455c-9b89-b2b0926e0db7,J.C. Escarra,NYY,IF
155d74b0-893f-47dd-90a8-db8c3fe553fd,Leody Taveras,BAL,OF
93daabdc-774e-4c59-8cd1-c9902b92439e,Gustavo Campero,LAA,OF
1d39d1e2-c215-47c8-b3aa-38b08c75105b,Myles Straw,TOR,OF
2b7ddfdb-f58f-4bf3-bfa3-02680ed8b892,Alex Freeland,LAD,IF
b89c9dc1-e151-4f02-85ad-63538b5497cb,Tirso Ornelas,SDP,OF
8ca5b733-5aa8-4b09-8f0b-b42242c2b144,Nick Loftin,KCR,OF
6ea8b338-9b29-4630-8d6c-26317cca3092,Santiago Espinal,CIN,IF
bd38a21e-0d06-4d09-86c2-b43e3bed93f7,Luke Maile,FA,IF
99fadc98-4f95-4aed-98e7-1a5117b3cd5d,Christian Koss,SFG,IF
a129f8ff-6a01-4c4e-8c55-f50748b00e69,Kyle Farmer,FA,IF
d449035e-852e-4c14-b314-85d97af8ba81,Elias Diaz,FA,IF
2f31ca1b-a320-4acd-87ed-e929ecda995c,Alejandro Osuna,TEX,OF
8f5f48f0-39f7-4f9e-a83b-a8525cc18b3b,Johan Rojas,PHI,OF
5ae4dbec-d2eb-4d95-a927-235495fb01d9,Nick Allen,HOU,IF
9ef13e3c-41e3-4cd4-9c47-0d1b31d3427a,Nick Yorke,PIT,IF
f99b550f-a8dd-4eb8-886f-16da3eb07feb,JJ Wetherholt,STL,IF
9402c4f6-49ba-4346-b2f0-9825bcae98b6,Luisangel Acuna,NYM,IF
b02e4d99-dae2-4ddd-8758-dd012f9eacab,Brendan Rodgers,FA,IF
efb928b6-2f0d-40d4-a9fd-8e1f1b73ddc7,Brett Harris,ATH,IF
ba7c5655-35f9-4b03-a3d8-ec28c6891372,Tim Tawa,ARI,IF
03d0e787-affd-48cb-b288-f4ecb0f164ec,Kyren Paris,LAA,IF
5b8b164e-79d9-423e-b15c-7cd5a5651589,Walker Jenkins,MIN,OF
e2d6aae0-a190-4997-b77b-46f009f26dd6,Kristian Campbell,BOS,IF
1f8ae2a1-51c2-4997-9809-9971a7142f0b,Tyler Heineman,TOR,IF
6ec91cd7-199d-4884-bf27-74f9ff43c8f8,Alex Jackson,MIN,IF
00279cad-af93-454d-9a56-1fe60d883e1d,Austin Wynns,ATH,IF
33e4e031-6c99-4956-83a3-f07cbf02c248,Jeferson Quero,MIL,IF
648d8160-5ae3-4a6c-a863-7706c263d0d3,Zach Dezenzo,HOU,OF
941e1637-00a1-4121-b96d-d854c549d9f8,Orelvis Martinez,WSN,IF
53fa2413-c784-4adf-8ba9-c30413486065,Ryan Waldschmidt,ARI,OF
86a95c8b-9861-4622-be62-ab973447aa5b,David Hamilton,BOS,IF
d827c392-b610-4585-b369-74b80164555a,Jacob Stallings,FA,IF
66a4d9c1-61f9-4fe7-a87f-2bbf67245900,Ryan Bliss,SEA,IF
e38adabd-22c5-46a3-8a5d-b87759e77f0b,Tyler Fitzgerald,SFG,IF
07f7db9b-a4e8-4c16-84d6-b041903d7d4c,Riley Adams,WSN,IF
8bfcb715-2321-4dc1-a3ba-8a5b010f654e,Eric Wagaman,MIA,IF
761dfa18-95d9-4314-bec4-f0e863090808,Ryan Kreidler,MIN,OF
e51846e0-d852-41d1-a4d1-6ccf91e2cc4d,Nathan Church,STL,OF
887792c9-2d44-4f70-9336-7f1b6f961a8a,Deyvison De Los Santos,MIA,IF
1bb163c6-bdab-414d-ab62-e0a123f11cd6,Joey Loperfido,TOR,OF
3ee4b6ad-4584-4970-9caa-541fd79a2f9c,Brandon Lockridge,MIL,OF
a1078c48-f7b4-4689-91f0-9992cd7f6955,Andrew Knizner,SEA,IF
b6c0fe71-53c2-4436-a904-b6ec28383090,Kevin Alcantara,CHC,OF
2fc6254e-05a3-41e9-b62a-b1c416653d92,Nate Eaton,BOS,IF
99b05754-83d1-4d36-bb2a-7ac811e9fc38,Max Schuemann,ATH,IF
17a107d5-9bae-44f1-a737-187e10734b88,Yohel Pozo,STL,IF
ae5c9a3d-1c88-4bfa-bf9d-47ff60fe3068,Nolan Jones,CLE,OF
c68a8140-ad91-4498-9d08-f085f74e8f4d,Grant McCray,SFG,OF
ce874e53-8d4d-4ff1-a823-a7e5f5a0bd2b,Dairon Blanco,KCR,OF
c1260b66-05df-48e5-a8fc-c441cc13d536,Tyler Tolbert,KCR,IF
7ca18b2e-17e3-47ac-a9f3-c7eb28beaf9e,Manuel Margot,FA,OF
c777403b-432b-4083-bef1-ce9240854da5,Jett Williams,NYM,IF
8939816b-b08a-43c7-b3be-8b7980089c47,Tom Murphy,FA,IF
afbfe1a4-6559-41ff-a7e1-5408f3d0e9a9,DJ LeMahieu,FA,IF
c194e667-0a9d-469c-a4e0-4a9ed51ad25a,Andruw Monasterio,MIL,IF
68b6ea25-e8f3-41fb-b94d-a0f371650ae0,Sebastian Walcott,TEX,IF
8716e148-0bc3-401d-a959-77184b0fed8c,Korey Lee,CHW,IF
276e3e4a-f0c5-4d16-8795-631e7f0f7974,Garrett Hampson,FA,IF
30f0cbd8-a4db-4ea9-ab91-7055b45f5bfd,Zack Gelof,ATH,IF
92a21640-fd45-4dfe-bd21-fad2653cc78c,Nick Madrigal,FA,IF
415fe284-4655-41c3-a093-eef661abb175,Jose Fermin,STL,IF
fdbb943f-b078-4207-bebb-a20846212e9d,Austin Barnes,FA,IF
6670e0aa-185b-4411-832e-5b6dd3f5c0d6,Christian Encarnacion-Strand,CIN,IF
0a1448c9-0008-40b3-934c-e4f43e786208,Endy Rodriguez,PIT,IF
69a557ef-0540-43d0-93a9-77d2bd01cc76,Juan Brito,CLE,IF
d06038bf-cb5a-463c-8beb-3687675f69d7,Austin Hedges,CLE,IF
455086a9-e56a-4df4-9c0d-0d5fe19845e4,Ryan Clifford,NYM,IF
110151da-4685-4461-94a0-b9f8177ad133,Jimmy Crooks,STL,IF
697559eb-971d-4364-8297-e1e07913e6a0,Trey Sweeney,DET,IF
bdc2e644-30cf-480d-99f2-ddf6150116bb,Scott Kingery,CHC,IF
9040cb7d-6148-4524-b41b-a487d07e7e38,Jorbit Vivas,NYY,IF
663c8b14-3cf0-44a2-a4aa-3f6eff8c6f23,Rafael Flores Jr.,PIT,IF
6dca2318-8f08-49ce-9ee6-4488aee7b613,Nicky Lopez,COL,IF
b6125b95-1618-4cb3-afb5-8e8ecab167b8,Jose Rojas,NYM,IF
30426437-af53-466d-87ff-68221e317b03,Vidal Brujan,ATL,IF
5aca7a87-7959-4283-98f2-65477326a90f,Curtis Mead,CHW,IF
9a24e63e-7687-42cf-b50a-aaf1b206d5d3,Maximo Acosta,MIA,IF
